Model,Training Loss,Training Accuracy,Test Loss,Test Accuracy
Optimal model,2.0289101310884425,0.4061301150895141,2.0777260387588514,0.3645
No hidden layer,2.294778218030327,0.14438139386189258,2.299997158201613,0.126
No activation,2.047078053113906,0.3991368286445013,2.0455222019974655,0.4044
No batch normalisation,2.214473410038058,0.293897858056266,2.2450349340433933,0.2224
