Model,Training Loss,Training Accuracy,Test Loss,Test Accuracy,Training time (seconds),Inference time (seconds)
Optimal model,1.715394895592382,0.6796475383631714,1.8606970248869417,0.5445,37.14056205749512,0.030409812927246094
No hidden layer,2.0408011395978005,0.4064498081841432,2.0422645628565497,0.402,5.6021409034729,0.0022389888763427734
No activation,2.0416655973929685,0.40493126598465473,2.0438616611222056,0.4008,30.89322519302368,0.020666837692260742
No batch normalisation,1.6934684015841834,0.6990688938618926,1.868686400392505,0.5398,24.202813863754272,0.020608901977539062
