Model,Training Loss,Training Accuracy,Test Loss,Test Accuracy
Optimal model,1.6807139767283024,0.7150335677749361,1.8615840207993208,0.5478
No hidden layer,2.0408011842023948,0.4063698849104859,2.04223268677218,0.4022
No activation,2.0420260676666016,0.40389226342711,2.043891758266907,0.4009
No batch normalisation,1.6618515334875974,0.7289202365728901,1.860643001221279,0.5445
