Model,Training Loss,Training Accuracy,Test Loss,Test Accuracy
1,2.3027453480294615,0.09672,2.3026757564224773,0.1
4,1.9706704128859807,0.44886,1.9499974713401396,0.4613
8,1.8711073636727593,0.53438,1.8944508404779699,0.5136
32,1.7983968693347512,0.6015075175943698,1.865053378033408,0.5344
64,1.7754193349173544,0.6221227621483376,1.8593803280529915,0.5383
128,1.7616373210045075,0.6333999360613811,1.8575712231413952,0.5421
