Model,Training Loss,Training Accuracy,Test Loss,Test Accuracy
1,1.799611616598314,0.59718,1.8725518494906206,0.5342
4,1.7154773314629146,0.67612,1.8557570666766354,0.554
8,1.6859947596008436,0.70216,1.854267341514319,0.5547
32,1.6496704078225841,0.7392434420985284,1.8476400419210142,0.5596
64,1.6369705858146073,0.7497802109974424,1.8471466754242665,0.5569
128,1.6277940330773493,0.7601062979539642,1.8463448090878227,0.558
