Model,Training Loss,Training Accuracy,Test Loss,Test Accuracy
1,2.3029107277121756,0.09546,2.302871318951579,0.1
4,1.8709326976341556,0.54322,1.9363136073130867,0.4823
8,1.7663386326215247,0.6332,1.8990064301925436,0.5178
32,1.6941742151038035,0.7004558541266794,1.8656860724015878,0.5401
64,1.6801331237824118,0.7142942774936062,1.8574416516230057,0.5498
128,1.6760481185323854,0.715361253196931,1.8635479362752208,0.5389
