Model,Training Loss,Training Accuracy,Test Loss,Test Accuracy
10,1.8413216045618022,0.56948,2.0023424034015402,0.4313
20,1.7630879276853357,0.63772,1.8828436558071153,0.5258
40,1.7452643050561047,0.65598,1.8959813804793644,0.5178
60,1.7428337973807138,0.65778,1.898413765731176,0.518
