Model,Training Loss,Training Accuracy,Test Loss,Test Accuracy
10,1.7520721342836343,0.64572,1.978285849222605,0.4498
20,1.705690347275598,0.68726,1.8634912715143341,0.5438
40,1.6881257636194842,0.70228,1.8673357402061759,0.5448
60,1.6791613133903904,0.70986,1.86593755178121,0.5479
