Model,Training Loss,Training Accuracy,Test Loss,Test Accuracy
10,1.8217589025151903,0.586272392834293,2.00203007840293,0.4264
20,1.7578454409150495,0.6420745361484325,1.8748678330232913,0.5262
50,1.7041388557952648,0.6951375559820857,1.8604316581447888,0.5415
100,1.6938587674610701,0.7016154830454254,1.8655901821246221,0.5428
