Model,Training Loss,Training Accuracy,Test Loss,Test Accuracy
0.1,2.1550928613660325,0.27338,2.124300009563037,0.2888
0.01,2.00500555566787,0.41392,1.9540230648491916,0.4618
0.001,1.9247857642731152,0.48172,1.9136393645663374,0.4954
0.0001,1.904162350743691,0.50098,1.9090327751979141,0.4959
