Model,Training Loss,Training Accuracy,Test Loss,Test Accuracy
0.1,5.888782239348487,0.2104,2.333259385461817,0.2706
0.01,1.9847741659805684,0.43882,1.9864008445147698,0.441
0.001,1.7065348137847045,0.68214,1.8497938812399508,0.5548
0.0001,1.635763733879657,0.7562,1.8412955302785787,0.5614
