Learning Rate,Training Loss,Training Accuracy,Test Loss,Test Accuracy
0.1,2.107169813152749,0.32423624440179144,2.0937108963649815,0.3334
0.01,1.898191572387961,0.5074576135636596,1.8927305066677997,0.5091
0.001,1.6943163165351234,0.6995961292386437,1.8622898838176862,0.5416
0.0001,1.7880207300053603,0.6177823096609085,1.881887562313275,0.5229
