Model,Training Loss,Training Accuracy,Test Loss,Test Accuracy
<function min_max_scale at 0x7a15ef3c6020>,1.6963998683448687,0.6992962252079334,1.8651598447022706,0.5417
<function standard_scale at 0x7a15ef3c60c0>,1.695051776925158,0.6987563979526551,1.869047298401691,0.542
