Model,Training Loss,Training Accuracy,Test Loss,Test Accuracy
<function min_max_scale at 0x79ae8a9d9f80>,1.847932295293916,0.5579,1.8803750268732717,0.5238
<function standard_scale at 0x79ae8a9da020>,1.8397126094913914,0.56334,1.8823171581314821,0.5235
