Model,Training Loss,Training Accuracy,Test Loss,Test Accuracy
<function min_max_scale at 0x72975cbd1f80>,2.0220867423295874,0.40394,2.211952866592583,0.2722
<function standard_scale at 0x72975cbd2020>,1.709864803787491,0.67784,1.852315466831674,0.5455
