Model,Training Loss,Training Accuracy,Test Loss,Test Accuracy
<class 'optimiser.AdamOptimiser'>,1.694261897853408,0.7004358605246321,1.8665393426330208,0.5362
<class 'optimiser.GradientDescentOptimiser'>,1.9661046879613384,0.45851327575175943,1.988131519341263,0.4362
