Model,Training Loss,Training Accuracy,Test Loss,Test Accuracy
0.01,2.041421244268833,0.39454,2.0002883262031146,0.4356
0.001,1.9086166136379477,0.49646,1.9068365378462055,0.4984
0.0001,1.8529599067893985,0.54728,1.9033242203350802,0.5048
1e-05,1.7686706220824886,0.62846,1.9108869173977956,0.5085
