Model,Training Loss,Training Accuracy,Test Loss,Test Accuracy
0.01,1.9472646000118032,0.4722,1.9495528319706361,0.4722
0.001,1.7041573190317247,0.68366,1.8442281596548216,0.5565
0.0001,1.6422475173234286,0.74568,1.905199254504382,0.5374
1e-05,1.6225477190015893,0.76754,1.939016052591283,0.5247
