Model,Training Loss,Training Accuracy,Test Loss,Test Accuracy
0.01,1.9804255749638988,0.445037587971849,1.9682365207769512,0.4591
0.001,1.6925867872554912,0.7027951055662188,1.8632423002499734,0.5434
0.0001,1.6509365811406962,0.7454014715291107,1.9412611783101246,0.5134
1e-05,1.6493897870641117,0.7442418426103646,1.9606337566913261,0.5107
